timestamp_ms,rssi
47427,-33
47657,-34
47886,-34
48115,-34
48344,-34
48574,-34
48803,-35
49032,-37
49261,-34
49490,-35
49719,-34
49949,-34
50178,-33
50406,-33
50635,-34
50865,-34
51094,-34
51323,-33
51552,-34
51781,-34
52011,-33
52240,-32
52469,-33
52698,-33
52928,-33
53157,-33
53386,-33
53615,-33
53844,-34
54073,-32
54303,-34
54532,-33
54761,-34
54990,-34
55219,-33
55448,-34
55677,-33
55906,-33
56136,-34
56365,-33
56594,-33
56823,-34
57052,-34
57281,-33
57511,-34
57740,-34
57969,-32
58198,-34
58427,-34
58657,-35
58891,-34
59121,-34
59350,-33
59579,-35
59808,-34
60037,-35
60267,-33
60496,-32
60725,-33
60954,-35
61183,-32
61412,-34
61641,-36
61871,-34
62100,-34
62329,-33
62558,-36
62788,-35
63017,-34
63246,-35
63475,-34
63705,-34
63934,-35
64163,-35
64393,-34
64622,-34
64851,-34
65080,-34
65309,-35
65539,-36
65768,-34
65997,-33
66226,-34
66455,-35
66685,-34
66914,-33
67143,-34
67372,-35
67601,-34
67831,-35
68060,-34
68289,-33
68518,-34
68747,-33
68977,-36
69206,-35
69435,-33
69664,-34
69894,-34
70123,-33
70352,-34
70587,-34
70816,-36
71045,-34
71274,-33
71503,-35
71733,-35
71962,-33
72191,-34
72420,-34
72650,-33
72879,-34
73108,-34
73337,-33
73567,-34
73796,-35
74025,-34
74254,-35
74483,-33
74713,-34
74942,-34
75171,-32
75400,-34
75630,-33
75859,-33
76088,-33
76317,-33
76546,-33
76777,-34
77007,-33
77236,-35
77465,-33
77694,-33
77924,-35
78153,-32
78382,-31
78611,-32
78841,-31
79070,-32
79299,-33
79528,-31
79758,-32
79987,-32
80216,-31
80445,-32
80674,-32
80904,-33
81133,-33
81362,-32
81591,-34
81821,-33
82050,-33
82284,-34
82514,-33
82743,-32
82972,-36
83202,-32
83431,-33
83660,-33
83890,-33
84119,-33
84348,-33
84577,-33
84806,-33
85036,-33
85265,-33
85494,-33
85723,-33
85953,-34
86182,-33
86411,-32
86640,-33
86869,-34
87099,-33
87328,-33
87557,-34
87786,-32
88015,-33
88244,-34
88474,-33
88703,-33
88932,-32
89161,-32
89390,-33
89620,-32
89849,-32
90078,-33
90307,-33
90536,-33
90766,-34
90995,-33
91224,-33
91453,-31
91683,-32
91912,-32
92141,-32
92370,-32
92599,-32
92829,-32
93058,-33
93287,-33
93516,-32
93745,-32
93974,-32
94209,-33
94438,-32
94667,-33
94896,-33
95126,-32
95355,-34
95584,-33
95813,-35
96043,-33
96272,-34
96501,-34
96730,-33
96959,-34
97189,-33
97418,-33
97647,-32
97876,-33
98106,-33
98335,-32
98564,-33
98793,-33
99023,-32
99252,-35
99480,-33
99710,-34
99939,-34
100168,-32
100397,-34
100627,-33
100856,-33
101085,-33
101314,-33
101544,-33
101773,-34
102002,-33
102231,-33
102461,-34
102690,-33
102919,-32
103148,-33
103378,-32
103607,-34
103837,-37
104066,-33
104295,-34
104524,-34
104754,-34
104983,-34
105212,-34
105447,-34
105676,-37
105906,-34
106135,-35
106364,-37
106593,-35
106822,-35
107052,-35
107281,-35
107510,-34
107739,-34
107969,-34
108198,-34
108427,-36
108656,-36
108886,-34
109117,-35
109346,-34
109575,-35
109804,-35
110034,-36
110263,-35
110492,-35
110722,-35
110950,-33
111180,-35
111409,-37
111638,-34
111867,-34
112096,-35
112326,-37
112555,-34
112784,-34
113013,-34
113242,-34
113472,-35
113701,-35
113930,-33
114159,-32
114389,-33
114618,-32
114847,-33
115076,-33
115306,-33
115535,-33
115764,-32
115998,-33
116228,-33
116457,-32
116685,-33
116915,-32
117144,-33
117373,-33
117603,-33
117832,-33
118061,-33
118290,-33
118519,-33
118749,-34
118978,-33
119207,-33
119436,-33
119666,-35
119895,-33
120124,-33
120353,-33
120582,-33
120812,-33
121041,-33
121270,-34
121499,-34
121729,-34
121958,-34
122187,-33
122416,-35
122646,-34
122875,-33
123104,-33
123333,-34
123563,-34
123792,-33
124021,-34
124251,-34
124480,-33
124709,-34
124938,-32
125167,-34
125397,-34
125626,-33
125855,-34
126084,-34
126313,-33
126542,-33
126777,-35
127007,-35
127236,-34
127465,-33
127694,-33
127924,-33
128152,-33
128382,-33
128611,-33
128840,-34
129070,-34
129299,-34
129528,-34
129757,-33
129986,-33
130216,-33
130445,-34
130674,-33
130903,-34
131133,-33
131362,-34
131591,-33
131820,-33
132051,-34
132280,-34
132509,-33
132738,-33
132967,-32
133197,-33
133426,-33
133655,-32
133884,-33
134114,-31
134343,-32
134572,-33
134801,-32
135030,-32
135260,-32
135489,-33
135718,-32
135947,-33
136176,-33
136406,-33
136635,-33
136864,-33
137093,-33
137327,-33
137557,-33
137786,-32
138015,-32
138244,-36
138474,-31
138703,-33
138932,-35
139161,-32
139390,-34
139619,-33
139849,-33
140078,-33
140307,-33
140536,-33
140765,-34
140995,-33
141226,-34
141455,-33
141684,-34
141913,-34
142142,-33
142372,-34
142601,-33
142830,-34
143059,-35
143288,-34
143517,-34
143746,-34
143976,-35
144205,-35
144434,-34
144663,-35
144892,-34
145122,-34
145351,-33
145580,-35
145809,-33
146038,-34
146268,-34
146497,-34
146726,-35
146955,-34
147184,-34
147413,-34
147643,-34
147872,-35
148106,-36
148336,-34
148565,-36
148794,-34
149023,-34
149252,-35
149481,-34
149710,-35
149940,-34
150169,-35
150398,-35
150627,-36
150857,-34
151086,-35
151315,-33
151544,-33
151773,-33
152003,-33
152232,-34
152461,-34
152690,-33
152920,-33
153149,-31
153378,-33
153607,-33
153836,-33
154065,-33
154295,-36
154524,-34
154753,-34
154982,-34
155211,-34
155440,-33
155670,-33
155899,-34
156128,-34
156357,-33
156586,-34
156816,-35
157045,-34
157274,-35
157503,-35
157732,-35
157961,-36
158191,-34
158420,-36
158655,-35
158884,-36
159113,-35
159342,-34
159571,-35
159801,-34
160030,-34
160259,-36
160488,-34
160717,-34
160946,-34
161175,-34
161404,-35
161633,-35
161863,-35
162092,-35
162321,-35
162550,-35
162779,-35
163009,-35
163238,-35
163467,-35
163696,-35
163925,-36
164155,-35
164384,-35
164612,-37
164843,-35
165072,-35
165301,-35
165531,-34
165760,-35
165989,-35
166218,-35
166447,-35
166677,-33
166906,-35
167135,-35
167364,-33
167593,-34
167822,-35
168052,-33
168281,-34
168510,-33
168739,-36
168968,-34
169197,-33
169433,-33
169662,-34
169891,-34
170121,-35
170350,-35
170579,-34
170808,-36
171037,-34
171267,-33
171496,-34
171725,-32
171954,-31
172183,-36
172413,-31
172642,-33
172871,-32
173100,-33
173332,-33
173561,-35
173790,-34
174019,-33
174248,-32
174478,-32
174707,-32
174936,-32
175165,-31
175395,-33
175624,-33
175853,-32
176081,-36
176311,-34
176540,-34
176769,-34
176999,-33
177228,-34
177457,-35
177686,-32
177915,-35
178145,-32
178374,-35
178603,-33
178832,-33
179061,-33
179291,-33
179520,-32
179749,-33
179985,-33
180214,-35
180443,-33
180673,-33
180902,-33
181131,-33
181360,-33
181589,-34
181819,-33
182048,-34
182277,-33
182506,-35
182736,-33
182965,-34
183194,-34
183424,-35
183653,-35
183882,-35
184111,-34
184340,-34
184570,-35
184799,-34
185028,-33
185257,-37
185487,-35
185716,-35
185945,-35
186174,-35
186403,-34
186632,-34
186862,-33
187091,-34
187320,-37
187549,-33
187778,-35
188007,-34
188236,-34
188465,-34
188695,-34
188923,-37
189152,-35
189381,-34
189611,-35
189840,-35
190069,-35
190298,-35
190527,-34
190763,-35
190993,-35
191222,-34
191451,-34
191680,-37
191909,-36
192139,-36
192368,-35
192597,-34
192826,-35
193056,-34
193284,-35
193513,-34
193743,-34
193972,-35
194201,-34
194430,-35
194660,-36
194889,-34
195118,-35
195347,-34
195576,-34
195806,-34
196035,-35
196264,-35
196493,-34
196723,-34
196952,-33
197181,-36
197410,-35
197639,-34
197869,-34
198098,-34
198327,-34
198556,-34
198785,-32
199014,-34
199244,-32
199473,-34
199702,-34
199931,-33
200161,-35
200390,-33
200619,-34
200848,-34
201078,-33
201313,-34
201542,-34
201772,-34
202001,-35
202230,-34
202459,-34
202689,-35
202918,-34
203147,-34
203376,-34
203605,-34
203835,-34
204064,-37
204293,-35
204522,-34
204751,-34
204980,-33
205210,-34
205441,-34
205670,-34
205899,-34
206128,-34
206358,-34
206587,-34
206816,-34
207045,-34
207274,-34
207504,-33
207733,-34
207962,-35
208191,-33
208420,-35
208650,-33
208879,-35
209108,-35
209337,-35
209566,-35
209796,-35
210025,-33
210254,-34
210483,-35
210712,-34
210942,-34
211171,-33
211400,-36
211629,-34
211858,-35
212094,-35
212324,-34
212553,-34
212782,-34
213011,-33
213240,-34
213470,-34
213699,-33
213928,-34
214157,-35
214387,-35
214616,-35
214845,-34
215074,-34
215303,-36
215533,-35
215762,-34
215991,-35
216220,-35
216449,-34
216678,-34
216907,-33
217137,-34
217366,-34
217595,-33
217824,-34
218053,-34
218283,-35
218512,-34
218741,-35
218970,-34
219199,-36
219429,-32
219658,-34
219887,-36
220116,-34
220345,-34
220574,-33
220804,-35
221033,-34
221262,-33
221491,-33
221721,-34
221950,-33
222179,-34
222408,-33
222637,-34
222873,-34
223102,-34
223331,-34
223561,-34
223790,-33
224019,-34
224248,-33
224477,-34
224707,-35
224936,-34
225165,-33
225394,-35
225623,-34
225853,-34
226082,-35
226311,-35
226540,-35
226769,-35
226999,-37
227228,-35
227457,-34
227686,-35
227916,-36
228145,-36
228374,-35
228603,-35
228832,-35
229062,-34
229291,-34
229520,-37
229749,-33
229978,-34
230208,-34
230437,-33
230666,-36
230895,-34
231125,-33
231354,-34
231582,-34
231812,-33
232041,-34
232270,-33
232500,-35
232729,-33
232958,-35
233187,-33
233422,-33
233652,-31
233881,-33
234110,-33
234339,-32
234569,-33
234798,-33
235027,-32
235256,-34
235485,-32
235715,-32
235944,-33
236173,-30
236402,-32
236632,-32
236861,-31
237090,-32
237318,-32
237550,-33
237779,-31
238008,-31
238237,-33
238467,-32
238696,-30
238925,-33
239154,-32
239384,-32
239613,-32
239842,-31
240071,-32
240300,-31
240530,-30
240759,-32
240988,-32
241217,-33
241447,-32
241676,-31
241905,-33
242134,-34
242363,-31
242593,-33
242822,-32
243050,-31
243280,-32
243509,-31
243738,-32
243967,-32
244202,-32
244431,-31
244660,-33
244889,-33
245119,-32
245348,-32
245577,-31
245806,-32
246035,-33
246265,-32
246494,-32
246723,-33
246952,-32
247182,-32
247411,-32
247640,-32
247869,-31
248098,-34
248328,-34
248557,-32
248785,-33
249015,-33
249244,-35
249473,-33
249702,-32
249931,-33
250161,-33
250390,-32
250619,-32
250848,-32
251078,-33
251307,-33
251536,-34
251765,-32
251994,-34
252224,-31
252453,-33
252682,-33
252911,-33
253140,-33
253370,-33
253599,-33
253828,-33
254057,-34
254286,-34
254515,-33
254752,-34
254981,-32
255211,-33
255440,-33
255669,-32
255898,-35
256127,-33
256357,-33
256586,-34
256815,-33
257044,-35
257273,-33
257503,-32
257732,-34
257961,-33
258190,-32
258419,-33
258649,-33
258878,-34
259107,-33
259336,-32
259565,-34
259795,-33
260024,-33
260253,-35
260482,-33
260711,-34
260940,-35
261170,-33
261399,-34
261628,-34
261857,-34
262086,-34
262315,-33
262545,-33
262774,-33
263003,-33
263232,-32
263461,-33
263691,-33
263920,-31
264148,-33
264378,-32
264607,-35
264837,-35
265066,-32
265295,-34
265530,-35
265760,-32
265988,-33
266218,-32
266447,-33
266676,-33
266905,-34
267135,-34
267364,-34
267593,-31
267822,-33
268051,-33
268281,-34
268510,-33
268739,-33
268968,-34
269197,-34
269427,-35
269656,-35
269887,-33
270116,-32
270345,-34
270574,-33
270804,-33
271033,-33
271262,-33
271491,-34
271721,-34
271950,-33
272179,-33
272408,-34
272638,-35
272867,-35
273096,-34
273325,-36
273554,-33
273784,-33
274013,-33
274242,-32
274471,-33
274700,-33
274930,-34
275159,-33
275388,-36
275616,-34
275847,-34
276083,-33
276312,-33
276541,-34
276771,-33
277000,-36
277229,-33
277458,-33
277687,-34
277916,-33
278145,-33
278375,-33
278604,-33
278833,-32
279062,-32
279291,-32
279521,-34
279750,-33
279979,-33
280208,-33
280437,-32
280667,-33
280896,-34
281125,-33
281355,-35
281584,-33
281813,-34
282043,-33
282272,-34
282501,-33
282730,-33
282959,-33
283189,-33
283418,-34
283647,-33
283876,-32
284106,-34
284335,-34
284564,-33
284793,-32
285023,-32
285252,-33
285481,-32
285710,-33
285939,-32
286169,-35
286398,-32
286627,-33
286863,-33
287092,-34
287321,-34
287550,-33
287780,-33
288009,-33
288238,-34
288467,-33
288697,-34
288926,-34
289155,-33
289384,-34
289613,-33
289843,-33
290072,-34
290301,-34
290530,-35
290759,-34
290989,-34
291218,-34
291447,-35
291676,-33
291905,-33
292135,-32
292364,-34
292593,-35
292821,-34
293051,-34
293280,-35
293510,-34
293739,-34
293968,-34
294197,-33
294426,-36
294656,-33
294885,-33
295114,-33
295343,-33
295572,-37
295802,-34
296031,-33
296260,-38
296489,-34
296718,-35
296948,-34
297177,-36
297413,-34
297642,-36
297871,-34
298101,-33
298330,-36
298559,-34
298788,-34
299017,-34
299246,-34
299475,-34
299704,-34
299934,-33
300163,-33
300392,-31
300622,-33
300851,-34
301080,-34
301309,-35
301538,-35
301767,-33
301999,-34
302228,-33
302457,-33
302686,-36
302915,-33
303144,-34
303374,-34
303603,-33
303832,-35
304061,-34
304290,-34
304519,-34
304749,-35
304978,-34
305207,-37
305436,-34
305665,-33
305894,-33
306124,-33
306353,-33
306582,-33
306811,-33
307040,-33
307270,-33
307499,-32
307728,-33
307957,-33
308192,-32
308421,-32
308651,-31
308880,-32
309109,-35
309338,-34
309567,-34
309797,-34
310025,-33
310255,-36
310484,-35
310713,-35
310942,-36
311171,-35
311401,-35
311630,-35
311859,-35
312088,-38
312317,-34
312547,-34
312776,-35
313005,-35
313234,-34
313463,-34
313693,-33
313922,-36
314151,-34
314380,-33
314609,-34
314838,-34
315068,-34
315297,-34
315526,-34
315755,-36
315985,-35
316214,-34
316443,-34
316672,-32
316901,-34
317131,-34
317360,-33
317589,-34
317818,-34
318047,-34
318276,-33
318506,-32
318739,-34
318968,-33
319198,-32
319427,-33
319656,-33
319885,-33
320114,-33
320343,-32
320573,-33
320802,-33
321031,-33
321260,-34
321489,-36
321719,-32
321948,-33
322177,-32
322406,-31
322635,-31
322865,-31
323094,-31
323323,-33
323552,-31
323781,-32
324010,-32
324240,-31
324469,-33
324698,-33
324928,-32
325157,-33
325385,-35
325615,-34
325844,-33
326073,-32
326302,-34
326531,-33
326761,-32
326990,-33
327219,-33
327448,-33
327677,-33
327907,-32
328136,-34
328365,-34
328594,-33
328823,-35
329053,-33
329282,-33
329516,-35
329745,-34
329974,-33
330203,-33
330433,-33
330662,-34
330891,-33
331120,-33
331349,-33
331578,-33
331808,-33
332037,-33
332266,-33
332495,-33
332724,-33
332954,-35
333183,-32
333412,-34
333641,-34
333871,-32
334102,-34
334331,-33
334560,-33
334789,-33
335018,-33
335248,-33
335477,-34
335706,-34
335935,-34
336164,-33
336394,-33
336623,-35
336851,-36
337080,-35
337310,-34
337539,-34
337768,-34
337997,-36
338226,-33
338456,-35
338685,-34
338914,-37
339143,-35
339372,-34
339602,-35
339831,-33
340060,-32
340296,-34
340525,-33
340754,-33
340983,-34
341212,-32
341442,-31
341671,-32
341900,-31
342129,-32
342358,-31
342587,-30
342816,-31
343046,-30
343275,-32
343504,-32
343733,-32
343962,-32
344192,-32
344421,-31
344650,-31
344879,-32
345108,-31
345337,-33
345567,-32
345796,-31
346025,-31
346254,-30
346482,-31
346712,-32
346941,-31
347170,-33
347399,-31
347628,-33
347858,-34
348087,-33
348316,-33
348545,-34
348774,-34
349003,-36
349233,-34
349462,-36
349691,-34
349920,-33
350149,-35
350379,-32
350608,-33
350843,-35
351073,-34
351302,-35
351531,-34
351760,-32
351989,-35
352219,-34
352448,-34
352677,-33
352906,-33
353135,-33
353365,-34
353594,-33
353823,-33
354053,-36
354282,-33
354511,-33
354740,-34
354969,-32
355198,-33
355428,-33
355657,-33
355886,-34
356115,-33
356344,-34
356573,-36
356803,-33
357032,-33
357261,-34
357490,-33
357719,-32
357948,-33
358177,-33
358406,-34
358635,-33
358865,-32
359094,-34
359323,-33
359552,-32
359781,-35
360011,-31
360240,-33
360469,-33
360698,-33
360927,-34
361156,-34
361386,-33
361622,-33
361851,-35
362080,-33
362309,-33
362538,-34
362768,-34
362997,-33
363226,-32
363455,-34
363684,-35
363913,-32
364143,-32
364372,-32
364601,-33
364830,-33
365059,-33
365288,-32
365518,-31
365747,-32
365976,-31
366207,-32
366436,-32
366666,-31
366895,-32
367124,-31
367353,-32
367582,-32
367811,-32
368041,-33
368270,-32
368499,-31
368728,-32
368957,-32
369186,-34
369415,-35
369644,-33
369873,-34
370103,-34
370332,-33
370561,-35
370790,-33
371020,-34
371249,-33
371478,-33
371707,-34
371936,-32
372172,-34
372402,-35
372631,-33
372860,-34
373089,-34
373318,-35
373548,-35
373777,-33
374006,-34
374235,-35
374464,-34
374694,-33
374923,-33
375151,-33
375381,-36
375610,-34
375839,-32
376068,-34
376298,-33
376527,-33
376756,-34
376986,-35
377215,-34
377444,-36
377673,-33
377902,-33
378132,-35
378361,-33
378590,-36
378819,-37
379048,-34
379277,-34
379507,-34
379736,-34
379965,-34
380194,-33
380423,-35
380653,-36
380882,-34
381111,-35
381340,-33
381569,-36
381799,-35
382028,-32
382257,-35
382486,-33
382715,-32
382951,-34
383181,-31
383410,-34
383639,-33
383868,-32
384097,-33
384327,-33
384556,-34
384785,-33
385014,-32
385243,-35
385473,-35
385702,-32
385931,-33
386160,-33
386390,-33
386619,-35
386848,-33
387077,-34
387306,-33
387535,-33
387765,-33
387994,-33
388223,-32
388452,-33
388682,-33
388911,-33
389140,-33
389369,-35
389599,-36
389828,-33
390057,-35
390286,-35
390515,-36
390744,-34
390974,-35
391203,-38
391432,-36
391661,-34
391890,-34
392120,-34
392349,-32
392578,-32
392807,-32
393037,-32
393266,-33
393505,-34
393735,-32
393964,-33
394193,-33
394422,-33
394652,-33
394881,-31
395110,-32
395339,-32
395569,-30
395798,-32
396027,-32
396256,-33
396485,-32
396715,-31
396944,-32
397173,-32
397402,-31
397631,-30
397861,-32
398089,-33
398321,-31
398550,-31
398780,-34
399009,-32
399238,-31
399467,-32
399697,-31
399926,-32
400155,-31
400384,-31
400613,-31
400843,-33
401072,-33
401301,-32
401530,-32
401759,-31
401989,-31
402218,-31
402447,-32
402676,-32
402905,-31
403135,-32
403364,-32
403593,-31
403822,-33
404051,-33
404287,-32
404516,-33
404746,-32
404975,-32
405204,-33
405433,-32
405662,-31
405892,-34
406121,-32
406350,-32
406579,-33
406809,-31
407038,-32
407267,-32
407496,-32
407726,-32
407955,-32
408184,-32
408413,-32
408642,-31
408872,-33
409101,-31
409330,-33
409559,-32
409788,-32
410017,-32
410246,-33
410476,-31
410705,-31
410934,-31
411163,-32
411392,-32
411622,-31
411851,-32
412080,-34
412309,-31
412538,-32
412768,-31
412997,-31
413226,-33
413455,-32
413685,-32
413914,-32
414143,-32
414372,-31
414601,-31
414837,-34
415066,-32
415295,-33
415525,-32
415754,-32
415983,-33
416212,-33
416441,-31
416671,-31
416900,-30
417129,-32
417358,-32
417587,-32
417817,-31
418046,-32
418275,-31
418504,-32
418734,-31
418963,-33
419192,-33
419421,-32
419651,-33
419880,-32
420109,-32
420338,-32
420567,-32
420797,-31
421026,-33
421255,-31
421485,-33
421714,-33
421943,-33
422172,-32
422401,-32
422631,-33
422860,-34
423089,-33
423318,-37
423547,-37
423777,-36
424006,-35
424235,-40
424464,-37
424694,-33
424922,-35
425152,-36
425381,-37
425617,-33
425846,-33
426075,-34
426305,-35
426534,-37
426762,-37
426991,-36
427221,-40
427450,-37
427679,-36
427908,-38
428137,-38
428367,-34
428596,-35
428825,-33
429054,-35
429283,-34
429513,-34
429742,-35
429971,-36
430200,-35
430429,-35
430660,-33
430890,-35
431119,-35
431348,-34
431577,-37
431806,-36
432035,-35
432265,-38
432494,-36
432723,-37
432952,-36
433181,-35
433410,-34
433640,-35
433869,-34
434098,-34
434327,-33
434556,-34
434785,-34
435015,-33
435244,-32
435473,-33
435702,-33
435931,-33
436167,-34
436396,-33
436626,-34
436855,-33
437084,-33
437313,-35
437542,-34
437772,-33
438001,-34
438230,-34
438459,-35
438688,-34
438918,-33
439147,-35
439376,-34
439605,-33
439834,-35
440064,-35
440293,-34
440522,-34
440751,-34
440980,-34
441210,-33
441439,-33
441668,-33
441897,-33
442126,-36
442356,-34
442585,-34
442814,-34
443043,-35
443272,-37
443501,-33
443731,-35
443960,-34
444189,-34
444418,-35
444647,-35
444877,-34
445106,-34
445335,-36
445564,-35
445793,-37
446022,-33
446252,-34
446481,-36
446710,-39
446946,-36
447175,-37
447404,-38
447633,-34
447863,-32
448092,-34
448321,-32
448550,-32
448780,-35
449009,-34
449238,-32
449467,-34
449696,-33
449926,-35
450155,-33
450384,-32
450614,-34
450843,-33
451072,-32
451301,-34
451530,-36
451759,-35
451989,-34
452218,-33
452447,-34
452676,-33
452905,-32
453135,-33
453364,-36
453592,-33
453822,-33
454051,-32
454280,-33
454509,-33
454738,-32
454968,-33
455197,-33
455426,-31
455655,-33
455884,-33
456113,-34
456343,-33
456572,-33
456801,-33
457030,-33
457259,-32
457489,-35
457724,-32
457954,-33
458183,-32
458412,-33
458641,-33
458870,-33
459100,-34
459328,-34
459558,-33
459787,-33
460016,-34
460245,-33
460475,-34
460704,-33
460933,-33
461162,-35
461391,-33
461620,-34
461850,-32
462079,-34
462308,-33
462537,-33
462768,-36
462998,-35
463227,-34
463456,-34
463685,-33
463914,-34
464144,-34
464373,-35
464602,-33
464831,-34
465060,-34
465289,-35
465518,-36
465747,-33
465977,-34
466206,-34
466435,-34
466664,-35
466893,-33
467122,-34
467352,-34
467581,-33
467810,-33
468039,-34
468275,-34
468504,-33
468733,-33
468962,-33
469192,-34
469421,-35
469650,-35
469879,-34
470108,-34
470338,-33
470567,-33
470795,-34
471025,-33
471254,-34
471483,-34
471712,-32
471941,-34
472171,-33
472400,-33
472629,-34
472858,-35
473088,-34
473317,-37
473546,-37
473775,-36
474004,-38
474233,-38
474463,-38
474693,-37
474922,-35
475151,-34
475380,-34
475609,-36
475839,-35
476068,-35
476297,-35
476526,-36
476756,-34
476985,-35
477214,-35
477443,-35
477672,-36
477902,-35
478131,-37
478360,-38
478589,-35
478818,-34
479054,-34
479283,-34
479512,-34
479741,-34
479971,-34
480200,-35
480429,-35
480658,-35
480888,-35
481117,-35
481346,-38
481575,-38
481804,-34
482033,-34
482263,-34
482492,-34
482721,-34
482950,-33
483180,-33
483409,-34
483638,-33
483867,-34
484096,-34
484326,-35
484555,-35
484784,-34
485013,-34
485242,-35
485471,-33
485701,-34
485930,-34
486158,-34
486388,-35
486618,-34
486847,-35
487076,-34
487305,-34
487534,-35
487763,-34
487993,-35
488222,-33
488451,-35
488680,-36
488909,-34
489139,-35
489368,-35
489603,-34
489832,-35
490062,-34
490291,-36
490520,-36
490749,-36
490978,-36
491208,-35
491437,-34
491666,-35
491896,-33
492126,-35
492355,-35
492584,-34
492813,-36
493042,-35
493272,-34
493501,-36
493730,-36
493959,-34
494189,-36
494418,-35
494647,-34
494878,-34
495107,-34
495337,-35
495566,-34
495795,-35
496024,-35
496253,-34
496483,-32
496712,-33
496941,-33
497170,-32
497400,-33
497628,-35
497858,-33
498087,-34
498316,-33
498545,-34
498775,-34
499004,-34
499233,-33
499462,-33
499691,-33
499921,-33
500150,-33
500384,-33
500613,-34
500842,-34
501071,-35
501301,-34
501530,-33
501759,-33
501988,-33
502218,-33
502447,-34
502676,-34
502905,-33
503135,-33
503363,-34
503593,-35
503822,-34
504051,-33
504280,-33
504509,-34
504739,-32
504968,-34
505197,-33
505426,-36
505656,-34
505885,-34
506114,-34
506343,-35
506573,-34
506802,-32
507031,-34
507260,-31
507489,-33
507719,-33
507948,-31
508177,-33
508406,-33
508635,-32
508865,-32
509093,-32
509322,-32
509552,-32
509781,-32
510010,-32
510239,-32
510468,-32
510698,-33
510934,-32
511163,-32
511392,-32
511622,-31
511851,-32
512080,-32
512309,-32
512538,-32
512768,-32
512997,-32
513226,-32
513455,-33
513685,-34
513914,-34
514143,-34
514372,-34
514602,-34
514830,-34
515059,-34
515288,-35
515518,-37
515747,-33
515976,-34
516205,-33
516434,-33
516664,-34
516893,-32
517122,-34
517351,-33
517580,-32
517809,-33
518039,-33
518268,-33
518497,-34
518726,-33
518955,-34
519185,-32
519414,-33
519643,-34
519872,-32
520102,-32
520331,-34
520560,-33
520789,-34
521018,-33
521248,-32
521477,-34
521713,-34
521942,-34
522171,-35
522401,-33
522630,-34
522859,-33
523088,-33
523317,-34
523547,-34
523776,-33
524005,-34
524234,-34
524463,-33
524693,-35
524922,-34
525151,-33
525380,-33
525609,-34
525839,-33
526068,-34
526297,-34
526526,-33
526755,-35
526986,-34
527216,-33
527445,-33
527674,-33
527903,-33
528133,-33
528362,-32
528591,-34
528820,-33
529049,-32
529279,-33
529508,-32
529737,-32
529966,-33
530195,-37
530425,-37
530654,-35
530883,-38
531112,-37
531342,-33
531571,-34
531800,-34
532029,-34
532266,-33
532495,-33
532724,-34
532954,-33
533183,-32
533412,-33
533641,-32
533871,-33
534100,-33
534329,-33
534558,-33
534787,-32
535017,-33
535246,-33
535475,-33
535704,-33
535933,-34
536163,-33
536392,-33
536621,-33
536850,-32
537079,-33
537309,-33
537538,-33
537766,-33
537996,-36
538225,-35
538454,-33
538683,-33
538912,-33
539142,-32
539371,-32
539600,-33
539829,-33
540058,-33
540288,-33
540517,-32
540746,-34
540975,-34
541204,-33
541434,-34
541662,-35
541892,-33
542122,-34
542351,-33
542580,-34
542809,-33
543045,-35
543274,-34
543503,-34
543732,-34
543961,-34
544191,-33
544420,-34
544649,-33
544878,-33
545107,-36
545337,-33
545566,-37
545795,-34
546024,-34
546253,-35
546483,-35
546712,-33
546941,-35
547170,-34
547400,-35
547629,-35
547858,-34
548087,-34
548316,-35
548546,-34
548775,-35
549004,-34
549233,-35
549463,-35
549692,-34
549921,-35
550150,-34
550379,-35
550609,-33
550838,-34
551067,-34
551296,-35
551526,-33
551755,-34
551984,-34
552213,-35
552442,-34
552672,-36
552901,-33
553129,-34
553359,-33
553594,-35
553823,-33
554053,-34
554282,-34
554511,-33
554740,-33
554969,-36
555199,-33
555428,-33
555657,-35
555887,-34
556116,-34
556345,-34
556574,-34
556803,-35
557033,-33
557262,-34
557491,-36
557720,-34
557949,-35
558179,-33
558408,-33
558637,-34
558866,-34
559097,-33
559326,-33
559556,-34
559785,-33
560014,-33
560243,-32
560472,-34
560702,-36
560931,-34
561160,-34
561389,-34
561619,-34
561848,-35
562077,-34
562306,-34
562536,-34
562765,-33
562994,-34
563223,-33
563452,-33
563682,-34
563911,-34
564140,-34
564375,-34
564604,-32
564833,-34
565062,-34
565291,-33
565521,-33
565750,-33
565979,-36
566208,-33
566437,-33
566667,-33
566896,-34
567125,-33
567355,-33
567584,-33
567813,-33
568042,-33
568271,-33
568501,-33
568730,-33
568959,-33
569188,-33
569417,-33
569647,-33
569876,-33
570105,-33
570334,-34
570563,-33
570793,-34
571022,-33
571251,-33
571480,-35
571709,-33
571939,-33
572168,-33
572397,-34
572626,-34
572855,-34
573085,-34
573314,-34
573543,-34
573772,-33
574001,-37
574231,-32
574460,-35
574689,-34
574918,-33
575152,-34
575381,-33
575610,-33
575840,-35
576068,-33
576298,-34
576527,-33
576756,-33
576985,-34
577214,-33
577444,-33
577673,-35
577902,-34
578131,-34
578360,-33
578590,-33
578819,-34
579048,-35
579277,-35
579507,-35
579736,-34
579965,-35
580194,-34
580423,-34
580653,-35
580882,-34
581111,-34
581340,-35
581569,-35
581799,-34
582028,-34
582257,-35
582486,-34
582716,-34
582945,-33
583174,-34
583403,-35
583633,-34
583862,-34
584091,-35
584320,-35
584549,-35
584779,-35
585008,-35
585237,-35
585466,-36
585700,-34
585930,-34
586159,-36
586388,-35
586617,-34
586846,-35
587076,-32
587305,-35
587534,-35
587763,-34
587993,-33
588222,-33
588451,-35
588680,-34
588909,-33
589139,-36
589368,-33
589597,-33
589826,-33
590055,-33
590285,-36
590514,-34
590743,-33
590972,-34
591201,-33
591432,-32
591661,-33
591890,-33
592120,-33
592349,-34
592578,-33
592807,-33
593036,-34
593266,-33
593495,-35
593725,-36
593954,-36
594183,-35
594412,-34
594641,-35
594871,-35
595100,-34
595329,-35
595558,-34
595787,-34
596016,-35
596246,-35
596482,-35
596711,-35
596940,-35
597169,-35
597398,-34
597628,-34
597857,-34
598086,-34
598315,-34
598544,-34
598774,-34
599003,-35
599232,-34
599461,-35
599691,-34
599920,-36
600149,-34
600378,-34
600608,-34
600837,-34
601066,-35
601295,-35
601524,-34
601754,-35
601983,-35
602212,-34
602441,-35
602670,-36
602899,-34
603128,-34
603358,-33
603587,-35
603816,-34
604045,-34
604275,-36
604504,-35
604733,-34
604962,-35
605192,-35
605421,-35
605650,-34
605879,-37
606108,-35
606338,-35
606567,-33
606796,-35
607032,-35
607261,-34
607490,-34
607720,-34
607949,-36
608178,-34
608407,-32
608636,-35
608866,-34
609095,-34
609324,-34
609553,-34
609782,-35
610012,-35
610241,-33
610470,-34
610699,-34
610929,-36
611157,-36
611386,-36
611615,-34
611845,-34
612074,-34
612303,-35
612532,-35
612762,-34
612991,-33
613220,-34
613449,-35
613678,-34
613908,-37
614137,-35
614365,-34
614595,-36
614824,-35
615053,-35
615282,-35
615511,-34
615740,-36
615970,-35
616199,-34
616428,-35
616657,-36
616886,-37
617116,-33
617345,-33
617574,-33
617810,-33
618039,-32
618268,-33
618497,-33
618726,-34
618956,-33
619185,-34
619414,-33
619643,-33
619873,-32
620101,-33
620331,-35
620560,-34
620789,-33
621018,-32
621247,-33
621477,-33
621706,-32
621935,-35
622164,-32
622393,-34
622623,-35
622852,-34
623081,-34
623310,-33
623541,-32
623771,-33
624000,-36
624229,-33
624458,-33
624688,-33
624917,-34
625146,-35
625375,-33
625604,-33
625833,-32
626062,-32
626292,-31
626521,-32
626750,-32
626979,-32
627208,-34
627438,-32
627667,-31
627896,-34
628125,-33
628361,-33
628590,-33
628820,-33
629049,-33
629278,-35
629507,-34
629736,-35
629965,-33
630195,-33
630424,-34
630653,-33
630882,-33
631112,-33
631341,-34
631569,-33
631799,-33
632028,-32
632257,-34
632486,-34
632715,-32
632945,-34
633174,-35
633403,-32
633632,-33
633862,-33
634091,-36
634320,-34
634550,-33
634779,-34
635008,-34
635237,-33
635466,-34
635695,-33
635924,-34
636153,-34
636383,-34
636612,-34
636841,-34
637070,-34
637299,-33
637529,-33
637758,-33
637987,-34
638216,-33
638445,-34
638675,-33
638904,-33
639140,-33
639369,-33
639598,-33
639827,-34
640056,-34
640286,-33
640515,-35
640744,-33
640973,-33
641203,-33
641432,-34
641662,-34
641891,-33
642120,-33
642349,-33
642578,-33
642808,-33
643037,-34
643266,-34
643495,-33
643724,-35
643954,-33
644183,-33
644412,-35
644641,-34
644871,-33
645100,-33
645329,-34
645558,-34
645788,-35
646017,-34
646246,-34
646475,-34
646705,-34
646933,-35
647163,-33
647392,-34
